On-site,Yes,Yes,Part-time,Director,Professional
On-site,Yes,Yes,Part-time,Director,Professional
On-site,Yes,Yes,Part-time,Director,Professional
On-site,Yes,Yes,Part-time,Director,Professional
On-site,Yes,Yes,Part-time,Director,Professional
On-site,Yes,Yes,Part-time,Director,Professional
On-site,No,No,Other,Others,Unspecified
On-site,No,No,Other,Others,Unspecified
On-site,No,No,Other,Others,Unspecified
On-site,No,No,Other,Others,Unspecified
On-site,No,No,Part-time,Director,Professional
On-site,No,No,Part-time,Director,Professional
On-site,No,No,Part-time,Director,Professional
Remote,Yes,No,Contract,Executive,Bachelor's Degree
Remote,Yes,Yes,Full-time,Executive,Bachelor's Degree
Remote,Yes,Yes,Full-time,Executive,Vocational - Degree
Remote,Yes,Yes,Full-time,Executive,Some College Coursework Completed
Remote,Yes,No,Full-time,Executive,Some College Coursework Completed
Remote,No,No,Full-time,Associate,Some College Coursework Completed
Remote,No,No,Full-time,Associate,High School or equivalent
Remote,No,No,Full-time,Internship,High School or equivalent
On-site,No,Yes,Full-time,Others,Professional
On-site,No,Yes,Full-time,Others,Professional
